ID,pred_proba
53608,0.79
51055,0.85
52573,0.03
50458,0.12
52272,0.36
52072,0.77
50973,0.5
50553,0.15
53135,0.15
53835,0.3
51843,0.01
54145,0.33
53878,0.26
54216,0.09
51728,0.33
52863,0.24
50760,0.46
50823,0.3
53928,0.79
52683,0.8
50200,0.22
52984,0.09
50747,0.14
54128,0.25
52001,0.82
50276,0.29
52651,0.64
53535,0.16
52387,0.35
52884,0.96
53205,0.3
52873,0.22
52376,0.41
51950,0.42
51650,0.84
53901,0.14
51919,0.1
50065,0.05
52885,0.38
51413,0.19
52768,0.38
51375,0.21
54157,0.27
53328,0.16
53362,0.09
52202,0.09
50640,0.24
52298,0.5
53477,0.12
50078,0.17
51998,0.15
52336,0.12
52654,0.15
53341,0.14
53868,0.64
52945,0.32
52411,0.08
52222,0.06
51813,0.12
50175,0.44
51744,0.14
53521,0.84
51261,0.04
51619,0.01
51479,0.21
52020,0.27
53306,0.28
53013,0.71
50117,0.18
51992,0.2
54233,0.92
51709,0.68
50930,0.18
50637,0.34
52333,0.32
51627,0.07
53524,0.42
50167,0.06
50330,0.43
53678,0.1
53581,0.82
50243,0.37
50237,0.24
53032,0.85
50235,0.2
50012,0.18
53264,0.46
50729,0.16
53195,0.19
50069,0.6
52091,0.25
50697,0.18
51477,0.01
52262,0.68
53822,0.26
53533,0.93
52983,0.5
50777,0.18
53630,0.21
52743,0.15
52584,0.7
51428,0.22
54194,0.14
52849,0.51
52839,0.73
52867,0.05
53043,0.53
52266,0.34
52478,0.14
51336,0.98
52840,0.29
51997,0.14
53976,0.32
50670,0.18
50370,0.37
50921,0.15
50983,0.32
51456,0.4
53104,0.72
50594,0.29
52201,0.16
52992,0.04
50240,0.31
50014,0.11
52583,0.23
52625,0.23
51357,0.51
50080,0.27
50521,0.04
51886,0.31
52367,0.04
52917,0.18
53378,0.11
50779,0.16
52352,0.16
50021,0.35
50726,0.1
52679,0.04
50389,0.16
50905,0.08
50409,0.38
52473,0.2
52089,0.17
50522,0.1
50603,0.69
53796,0.29
53167,0.12
53351,0.08
53680,0.83
53273,0.65
52913,0.27
50098,0.15
53479,0.24
50804,0.27
50074,0.73
53635,0.0
50189,0.76
53138,0.43
53786,0.68
50268,0.17
53688,0.51
51962,0.11
53639,0.19
53792,0.34
52631,0.45
50129,0.32
52712,0.19
50432,0.56
53221,0.22
53474,0.45
54232,0.4
50151,0.29
52516,0.82
53019,0.12
52510,0.61
50252,0.0
53354,0.43
50448,0.85
52796,0.21
50641,0.28
52189,0.13
53588,0.68
53324,0.29
51809,0.48
50258,0.82
54271,0.25
52785,0.15
50026,0.38
51529,0.05
51636,0.42
52050,0.33
52419,0.23
53228,0.71
52425,0.07
53470,0.19
52139,0.17
50471,0.28
52374,0.92
50136,0.2
51736,0.28
52638,0.1
51458,0.15
51027,0.28
51870,0.65
50960,0.67
52212,0.08
53337,0.28
51421,0.17
51740,0.06
52988,0.36
51551,0.08
51574,0.7
52285,0.06
51984,0.84
52735,0.81
52037,0.1
51522,0.88
52383,0.48
53724,0.53
52435,0.11
51506,0.18
53863,0.69
53212,0.31
50955,0.5
51646,0.12
50769,0.12
50675,0.44
54180,0.17
50174,0.62
52475,0.11
52472,0.26
52312,0.02
51007,0.06
52287,0.28
52334,0.08
50354,0.14
52462,0.03
52731,0.03
53106,0.04
52469,0.73
53076,0.4
50177,0.28
50028,0.58
51856,0.17
53294,0.57
50394,0.59
50791,0.12
51325,0.23
52366,0.44
50372,0.36
51474,0.15
54117,0.1
50413,0.52
51471,0.15
52079,0.05
51553,0.65
52207,0.12
53764,0.12
50806,0.29
52853,0.2
53938,0.6
50353,0.34
52097,0.08
52780,0.75
50390,0.26
53988,0.13
53910,0.9
52128,0.93
53569,0.13
53007,0.14
54039,0.37
52755,0.23
52545,0.45
50342,0.15
52793,0.63
52238,0.06
50782,0.86
51376,0.77
51520,0.06
53075,0.09
51600,0.3
53834,0.25
53964,0.22
51767,0.08
51481,0.07
52998,0.47
52217,0.71
53890,0.02
54196,0.01
53749,0.17
52076,0.41
54197,0.05
52307,0.39
53787,0.44
53805,0.37
51806,0.39
52795,0.7
50256,0.19
51457,0.44
53506,0.09
52765,0.06
52461,0.17
53081,0.14
54086,0.03
52554,0.11
51764,0.17
53689,0.23
53653,0.69
53401,0.23
53402,0.28
50395,0.21
50326,0.22
51830,0.09
52574,0.14
53670,0.17
52802,0.17
51045,0.07
51836,0.46
50694,0.15
52152,0.02
52778,0.03
53770,0.32
50455,0.94
54001,0.08
53067,0.68
52400,0.57
53799,0.26
50962,0.1
50657,0.2
50171,0.39
50035,0.14
52200,0.1
51700,0.18
53259,0.42
51955,0.15
52414,0.11
54195,0.03
54276,0.19
54079,0.22
52979,0.02
52621,0.04
54256,0.04
50901,0.28
50862,0.28
52528,0.68
53016,0.23
50083,0.14
50128,0.01
51496,0.53
51860,0.65
53311,0.08
54125,0.18
50503,0.91
54142,0.38
51849,0.56
50757,0.39
53726,0.02
53211,0.17
51148,0.29
50677,0.09
52512,0.24
51615,0.05
50357,0.56
53691,0.29
54132,0.4
52492,0.45
52664,0.71
50125,0.6
50306,0.11
50746,0.02
52858,0.17
52481,0.81
50216,0.24
53087,0.23
52669,0.34
53386,0.0
50662,0.55
50508,0.07
51989,0.93
51005,0.24
50311,0.24
51450,0.02
50579,0.42
52130,0.11
51125,0.68
51894,0.67
51270,0.22
50060,0.8
50343,0.82
52228,0.12
51406,0.39
51340,0.17
54242,0.15
51787,0.32
50481,0.44
51278,0.16
50736,0.23
50964,0.07
52105,0.21
53892,0.17
51657,0.6
52729,0.85
53721,0.31
53307,0.54
52122,0.2
50447,0.23
53420,0.72
52167,0.71
51277,0.21
53643,0.77
53975,0.24
51290,0.23
51315,0.22
53206,0.64
52586,0.11
54234,0.32
54124,0.23
51697,0.3
50856,0.15
52980,0.78
53489,0.1
53000,0.31
52997,0.11
50750,0.19
52301,0.04
53141,0.35
53573,0.1
51114,0.05
51648,0.27
52415,0.9
51000,0.08
50005,0.15
54249,0.42
51300,0.86
50365,0.07
53544,0.83
51069,0.55
53849,0.4
53158,0.1
52094,0.03
53502,0.12
50690,0.65
50564,0.18
50885,0.27
52544,0.51
52265,0.02
53086,0.43
50981,0.07
52368,0.18
51305,0.11
53695,0.68
53657,0.76
52423,0.57
54008,0.09
50576,0.03
51225,0.43
52017,0.14
50975,0.29
50162,0.16
50077,0.09
53500,0.36
52294,0.48
53698,0.43
53672,0.51
50081,0.64
52320,0.13
51263,0.05
51347,0.25
53098,0.19
54053,0.72
52790,0.23
52646,0.26
53699,0.34
52871,0.08
54085,0.44
53117,0.17
51053,0.09
51779,0.86
53031,0.41
52748,0.84
51524,0.44
51158,0.67
51418,0.07
50027,0.25
51085,0.17
50452,0.2
50255,0.87
51986,0.71
51244,0.07
52026,0.3
53752,0.43
53166,0.75
53345,0.37
53139,0.08
50214,0.34
52681,0.11
54057,0.33
50199,0.47
50246,0.89
53734,0.48
50857,0.3
50463,0.16
54041,0.39
54058,0.12
51569,0.19
51649,0.41
54209,0.14
54007,0.41
50836,0.48
52699,0.16
50164,0.12
50321,0.06
51067,0.58
50610,0.69
50514,0.72
52362,0.21
50251,0.65
51025,0.86
50623,0.04
51572,0.17
50632,0.4
52650,0.0
50988,0.08
53916,0.09
52652,0.73
51397,0.17
53659,0.21
51957,0.1
52899,0.09
51472,0.74
50263,0.2
50018,0.61
53948,0.42
53967,0.3
51250,0.12
50100,0.81
51865,0.19
51123,0.45
50376,0.52
50420,0.64
50611,0.05
51100,0.48
50138,0.14
50995,0.2
50584,0.18
52684,0.15
53806,0.11
54245,0.03
50950,0.13
50896,0.94
52628,0.34
51021,0.2
50883,0.22
53700,0.22
53914,0.26
50501,0.27
52317,0.39
50215,0.33
51750,0.06
52068,0.13
52064,0.22
54139,0.03
53953,0.07
50470,0.22
52188,0.95
50556,0.12
50768,0.26
50972,0.57
53045,0.27
51431,0.03
52235,0.04
53077,0.07
50329,0.18
51172,0.69
53154,0.17
54059,0.17
52974,0.16
51207,0.74
53282,0.23
50325,0.49
52820,0.58
52003,0.19
53281,0.32
53607,0.07
54108,0.5
51443,0.38
52708,0.72
50843,0.11
53855,0.64
53904,0.36
51653,0.28
50400,0.09
53319,0.09
50755,0.28
52125,0.12
52553,0.48
50346,0.12
50278,0.19
51466,0.33
53778,0.22
52640,0.82
50600,0.65
50560,0.38
51679,0.29
50270,0.83
51233,0.22
51968,0.67
52296,0.2
53037,0.66
52842,0.55
54052,0.12
50300,0.05
53753,0.57
51848,0.83
52048,0.18
53033,0.01
50920,0.02
53927,0.06
53930,0.07
51799,0.56
51253,0.14
50195,0.11
53454,0.26
53883,0.15
52350,0.06
51291,0.04
51591,0.84
53431,0.18
51946,0.36
52056,0.31
53779,0.31
51419,0.1
53413,0.63
53512,0.03
53663,0.26
50544,0.07
51577,0.15
53870,0.56
51387,0.04
50047,0.52
50748,0.16
54238,0.32
50737,0.11
52016,0.78
52619,0.24
50969,0.95
53567,0.44
50183,0.87
51681,0.28
51330,0.64
51935,0.19
51706,0.32
53293,0.3
50259,0.86
52117,0.34
52208,0.61
50518,0.6
53490,0.02
50043,0.27
54162,0.35
50568,0.82
52284,0.13
50570,0.04
51094,0.93
51381,0.1
53355,0.36
50261,0.6
52073,0.11
50655,0.03
50796,0.8
53116,0.27
51631,0.26
51720,0.67
50754,0.17
54116,0.08
54077,0.01
54171,0.33
51961,0.02
52329,0.1
50829,0.15
54064,0.1
52850,0.04
53412,0.07
52490,0.67
51464,0.27
53520,0.86
52029,0.82
54005,0.12
50279,0.93
51539,0.12
51200,0.44
53235,0.15
52474,0.25
52131,0.26
50776,0.03
52397,0.67
51800,0.3
51774,0.11
53568,0.54
53058,0.74
53854,0.89
51533,0.37
53178,0.44
51390,0.64
51753,0.15
51793,0.15
50170,0.24
54239,0.46
54032,0.22
53216,0.25
52878,0.12
50833,0.11
52770,0.19
53574,0.0
51676,0.2
51396,0.17
51508,0.07
50375,0.92
51987,0.11
50863,0.04
53487,0.39
53022,0.17
51943,0.66
53427,0.53
52592,0.31
53428,0.24
51956,0.28
51659,0.09
52964,0.89
53879,0.02
52933,0.24
52527,0.07
51541,0.69
51530,0.08
50533,0.05
52120,0.63
51116,0.78
53339,0.13
53934,0.5
53708,0.22
53169,0.2
52773,0.71
51267,0.21
52532,0.19
50575,0.19
50185,0.08
51164,0.3
51716,0.16
51341,0.29
51985,0.09
52183,0.07
51440,0.81
51796,0.18
51863,0.23
52277,0.11
50537,0.15
50865,0.31
53712,0.07
51048,0.57
52086,0.2
52688,0.66
51119,0.5
52182,0.18
53254,0.61
50344,0.13
50541,0.04
50186,0.06
51643,0.28
53839,0.25
52113,0.5
51425,0.92
53710,0.28
54138,0.17
53404,0.17
51754,0.69
51402,0.0
51658,0.88
53982,0.22
53844,0.24
51426,0.55
53163,0.06
53321,0.12
50001,0.61
50601,0.14
50046,0.1
51807,0.67
53251,0.83
53450,0.14
52902,0.25
52579,0.16
52363,0.13
53641,0.2
53739,0.13
53600,0.32
53179,0.98
52470,0.75
53563,0.17
51876,0.04
51630,0.26
52196,0.44
53350,0.13
53555,0.32
53276,0.7
54026,0.84
51088,0.39
51377,0.04
50434,0.26
53125,0.4
53703,0.35
50055,0.18
52614,0.09
50820,0.61
52341,0.6
52219,0.1
53886,0.13
50087,0.26
53971,0.55
51515,0.71
51687,0.26
50982,0.08
53447,0.89
52375,0.16
53072,0.21
51103,0.38
50700,0.22
51725,0.17
53831,0.05
52900,0.31
52599,0.07
52293,0.95
50622,0.13
52112,0.86
53299,0.1
51297,0.44
52837,0.14
53702,0.07
51978,0.19
50442,0.25
51281,0.04
51575,0.03
51039,0.8
51994,0.74
51031,0.31
52662,0.76
53807,0.67
52304,0.05
52110,0.18
51392,0.29
52090,0.66
52630,0.65
50137,0.12
51899,0.27
53619,0.57
51274,0.38
53271,0.61
54176,0.06
50404,0.1
50691,0.21
52178,0.85
51632,0.11
51232,0.19
53488,0.03
50053,0.65
50269,0.41
53584,0.14
51247,0.03
50659,0.61
53226,0.23
51480,0.24
53329,0.14
51223,0.2
51444,0.71
53147,0.36
51835,0.59
53348,0.33
52674,0.76
53853,0.28
51527,0.15
50997,0.08
53057,0.08
54022,0.22
52626,0.45
51696,0.54
52002,0.3
53578,0.17
53342,0.23
51190,0.59
50097,0.13
53270,0.23
53679,0.88
51802,0.47
54150,0.16
51201,0.83
52109,0.07
50039,0.1
50913,0.26
50336,0.51
50826,0.03
51851,0.13
53118,0.26
53177,0.02
51109,0.23
53069,0.07
52013,0.79
52761,0.17
52993,0.16
52887,0.02
50909,0.06
51616,0.17
53352,0.5
52941,0.45
50286,0.58
53780,0.41
53911,0.09
52624,0.45
52612,0.14
52011,0.45
50361,0.15
53466,0.32
50660,0.4
50320,0.6
52833,0.81
51204,0.91
51494,0.67
50852,0.43
50728,0.31
53336,0.42
51295,0.13
53255,0.05
51235,0.21
50940,0.28
51936,0.91
52524,0.21
52762,0.34
52232,0.36
52365,0.67
52099,0.1
53054,0.55
52500,0.42
53433,0.17
53881,0.13
53626,0.14
50770,0.46
51409,0.16
53933,0.47
52264,0.11
51065,0.52
53915,0.45
50801,0.52
50331,0.11
52295,0.26
52360,0.89
53772,0.22
50866,0.13
52486,0.25
51234,0.05
53066,0.08
52783,0.09
53652,0.3
52460,0.62
54020,0.36
54006,0.44
50695,0.2
50665,0.22
50319,0.07
53722,0.09
54191,0.11
51973,0.15
52179,0.05
50283,0.21
53501,0.05
53537,0.23
50220,0.75
53547,0.08
50735,0.09
50356,0.05
51602,0.03
52832,0.11
50716,0.77
50821,0.61
51195,0.14
52954,0.27
53723,0.4
52536,0.2
51601,0.15
51879,0.26
51159,0.73
51003,0.11
51294,0.07
53290,0.2
50721,0.19
54259,0.17
50484,0.24
54149,0.2
50172,0.6
51346,0.24
54017,0.35
51156,0.12
51091,0.08
52441,0.56
50427,0.42
51493,0.32
50222,0.1
50369,0.35
54118,0.22
52141,0.38
53408,0.15
53356,0.09
50123,0.49
51971,0.4
52506,0.25
52909,0.49
51563,0.88
51302,0.22
51008,0.34
50719,0.33
51705,0.15
51046,0.06
51548,0.69
51781,0.14
54082,0.26
50952,0.22
54113,0.32
51323,0.75
51498,0.61
50317,0.33
50767,0.19
50881,0.2
52220,0.07
52243,0.23
52947,0.47
51732,0.09
53492,0.51
52314,0.26
51043,0.18
50461,0.45
52564,0.08
53540,0.21
53597,0.16
52792,0.21
51182,0.09
51173,0.1
53225,0.16
53395,0.35
51829,0.25
53053,0.23
51212,0.08
52660,0.76
50872,0.38
52815,0.23
52784,0.71
53634,0.39
50669,0.19
52042,0.17
52246,0.12
52004,0.08
51184,0.76
53185,0.17
52587,0.28
53495,0.25
50870,0.19
54282,0.2
51120,0.15
53152,0.08
51144,0.15
51188,0.85
52606,0.34
54126,0.33
53810,0.02
51714,0.19
53472,0.79
50341,0.29
51245,0.25
51198,0.05
53171,0.12
50977,0.12
50751,0.5
50925,0.08
51776,0.8
51923,0.59
53220,0.12
51969,0.1
53596,0.36
52834,0.58
51938,0.13
52482,0.02
52973,0.54
50282,0.51
50091,0.26
54286,0.87
52883,0.08
50161,0.19
51859,0.41
53315,0.92
50607,0.79
51694,0.11
52772,0.07
54208,0.26
54255,0.55
51596,0.05
53036,0.76
53511,0.24
52678,0.31
53366,0.12
50105,0.02
52244,0.26
50762,0.78
50548,0.24
53782,0.21
53612,0.06
54129,0.06
53111,0.43
52012,0.07
53199,0.11
53745,0.93
50653,0.03
50980,0.36
53516,0.05
53186,0.17
51136,0.07
53922,0.33
52278,0.08
53744,0.29
53676,0.37
51343,0.08
53485,0.11
52854,0.98
50135,0.33
52950,0.27
53323,0.56
51691,0.51
53811,0.08
51167,0.09
50439,0.26
51266,0.26
52661,0.02
51101,0.74
50933,0.12
50090,0.3
53476,0.2
53446,0.19
51726,0.04
51765,0.22
52540,0.26
50033,0.52
50963,0.37
50431,0.4
50449,0.25
51671,0.19
50543,0.66
52465,0.51
52995,0.5
50650,0.24
52601,0.14
50687,0.12
50948,0.15
54243,0.13
54206,0.12
52251,0.86
51106,0.59
51081,0.18
51139,0.0
51892,0.21
52666,0.11
53694,0.65
53804,0.17
50592,0.04
51107,0.15
52704,0.17
52450,0.65
50838,0.12
54173,0.89
53286,0.11
50810,0.22
53256,0.06
52910,0.02
52929,0.23
52694,0.63
54091,0.7
51491,0.13
51226,0.04
52541,0.05
51161,0.4
52581,0.39
50454,0.32
53601,0.25
51112,0.5
52417,0.15
50661,0.62
50298,0.19
51024,0.21
52604,0.19
51930,0.59
52267,0.15
54158,0.11
50985,0.12
54183,0.09
53023,0.08
50552,0.48
51298,0.82
51213,0.12
51932,0.07
51389,0.12
50984,0.05
54013,0.13
50489,0.02
52823,0.12
52340,0.03
53441,0.04
54210,0.41
53430,0.09
52588,0.89
54225,0.71
50635,0.64
52282,0.17
50646,0.31
50464,0.14
53900,0.1
51366,0.83
52565,0.39
52163,0.37
50423,0.72
50457,0.25
53645,0.08
50383,0.17
53882,0.93
53668,0.13
51303,0.14
53951,0.78
54012,0.36
53677,0.01
50324,0.9
53078,0.33
54187,0.21
50523,0.11
51511,0.02
50509,0.32
52393,0.32
53508,0.25
50855,0.68
54287,0.32
52407,0.06
52092,0.29
53132,0.07
54110,0.62
53403,0.15
50778,0.2
54205,0.8
52801,0.12
51097,0.01
50011,0.25
50986,0.17
50024,0.1
54088,0.05
50676,0.72
51478,0.7
50111,0.25
53274,0.04
53514,0.1
53038,0.21
50773,0.04
50173,0.63
53784,0.22
52868,0.15
52401,0.91
52177,0.23
50242,0.05
52351,0.39
51401,0.3
53280,0.14
53200,0.19
51735,0.69
51939,0.14
52377,0.48
54240,0.2
50976,0.15
52617,0.19
52248,0.12
52305,0.49
50228,0.17
53517,0.56
50524,0.2
51542,0.18
51077,0.09
52860,0.1
51386,0.02
51206,0.84
52856,0.05
53838,0.28
53334,0.5
51113,0.37
52707,0.15
53802,0.3
52347,0.13
53576,0.12
53115,0.7
50093,0.67
54073,0.89
52739,0.24
51605,0.26
51808,0.19
50551,0.17
51995,0.27
53052,0.33
51304,0.38
50163,0.12
50557,0.63
52695,0.52
52797,0.03
53947,0.84
51040,0.2
52166,0.18
53325,0.5
50938,0.21
52557,0.26
54237,0.1
53398,0.81
53666,0.03
51334,0.63
53207,0.2
54170,0.36
51364,0.66
50309,0.08
52138,0.27
51311,0.05
50063,0.46
53509,0.23
53467,0.65
52364,0.14
54147,0.27
51151,0.08
53662,0.11
50349,0.35
51949,0.31
51821,0.43
53693,0.55
51737,0.59
50664,0.3
53182,0.13
53405,0.05
51254,0.49
52535,0.07
51371,0.27
53365,0.23
50038,0.2
53491,0.18
52132,0.26
53536,0.55
53956,0.54
54260,0.24
51815,0.17
52070,0.06
50210,0.22
52647,0.49
50511,0.74
54192,0.5
52794,0.36
52649,0.0
51778,0.51
52939,0.05
53836,0.64
53381,0.26
50683,0.19
53392,0.36
51980,0.96
52033,0.09
53551,0.13
53687,0.56
50674,0.37
50835,0.11
53283,0.47
50388,0.09
50465,0.25
50618,0.22
50812,0.02
53593,0.46
50722,0.07
51187,0.1
51510,0.54
52436,0.21
53826,0.18
52039,0.31
51393,0.2
52690,0.11
52160,0.13
50176,0.37
52848,0.39
50540,0.57
51844,0.06
53009,0.19
51519,0.16
52805,0.15
53415,0.78
54269,0.2
53674,0.21
51897,0.31
54043,0.84
52237,0.21
52326,0.16
53906,0.32
51719,0.67
51329,0.28
52446,0.35
51675,0.07
53591,0.24
52934,0.95
52521,0.01
52459,0.1
51862,0.4
51162,0.67
52515,0.28
51566,0.76
50460,0.43
52227,0.13
53462,0.74
51682,0.17
50416,0.35
51670,0.06
51301,0.45
52719,0.07
52274,0.1
52742,0.13
52897,0.72
53954,0.17
53112,0.16
53505,0.18
50042,0.17
53912,0.7
53539,0.26
51385,0.18
53361,0.64
53155,0.26
51833,0.27
51861,0.2
51211,0.27
50949,0.22
53743,0.25
50267,0.17
52280,0.05
50113,0.09
52838,0.06
54273,0.46
51872,0.22
50864,0.25
51766,0.44
50334,0.74
50807,0.27
52949,0.39
52613,0.77
54100,0.34
54071,0.06
52814,0.55
52633,0.05
50428,0.34
52245,0.1
52418,0.13
54199,0.97
50513,0.14
51626,0.15
50605,0.57
52193,0.17
52075,0.25
51903,0.04
53237,0.26
52186,0.09
52668,0.28
50841,0.06
51412,0.17
51811,0.19
51573,0.1
52653,0.59
53759,0.34
53262,0.19
50606,0.29
53609,0.24
52373,0.01
53222,0.12
53340,0.24
51692,0.33
52382,0.13
53181,0.16
53725,0.5
51010,0.08
52968,0.23
51138,0.26
52150,0.07
51317,0.23
53819,0.39
51104,0.67
50673,0.18
50002,0.17
51391,0.58
50297,0.18
52774,0.3
52063,0.07
50974,0.2
52309,0.03
53304,0.17
50515,0.44
52115,0.51
53880,0.28
52961,0.52
52488,0.48
53389,0.51
52563,0.82
54285,0.37
50144,0.06
51215,0.12
50250,0.21
51446,0.24
53349,0.22
51042,0.23
53390,0.05
50996,0.21
52928,0.25
50247,0.04
51964,0.62
51974,0.83
51795,0.23
50923,0.92
54104,0.11
52140,0.18
51017,0.93
50707,0.6
53230,0.3
54106,0.26
53192,0.59
52622,0.81
51149,0.23
52038,0.24
54105,0.31
50073,0.25
52149,0.22
52491,0.66
51239,0.3
50832,0.3
50092,0.18
54136,0.08
51905,0.31
50384,0.26
52040,0.17
50786,0.87
52216,0.19
53620,0.16
51380,0.4
51349,0.35
50898,0.89
51623,0.74
50764,0.12
50453,0.05
52315,0.86
50127,0.33
51695,0.08
54048,0.58
53176,0.07
50959,0.51
51672,0.14
51909,0.77
53572,0.42
52999,0.15
50713,0.15
53978,0.17
51747,0.69
52872,0.92
52556,0.47
52135,0.13
50860,0.09
53453,0.19
52395,0.05
54235,0.89
53253,0.24
52394,0.39
53848,0.37
52379,0.13
53236,0.45
50308,0.29
53285,0.23
50917,0.16
50482,0.55
53825,0.1
53015,0.59
51084,0.12
51286,0.15
52422,0.07
50088,0.21
53435,0.17
51220,0.08
52508,0.85
54140,0.17
51988,0.36
53219,0.65
50239,0.58
50554,0.27
52908,0.76
50597,0.49
53375,0.48
53452,0.46
51328,0.32
53232,0.36
51332,0.74
50642,0.02
52453,0.17
51072,0.16
51958,0.09
51205,0.28
52542,0.28
51618,0.88
53746,0.64
54182,0.16
50477,0.13
52069,0.18
51460,0.23
50044,0.59
53021,0.51
50191,0.82
53198,0.66
51485,0.07
51869,0.09
51857,0.18
53332,0.17
52380,0.4
54178,0.43
53245,0.05
53444,0.85
53664,0.49
51853,0.07
53615,0.3
52787,0.18
53658,0.3
50993,0.13
50989,0.59
51507,0.02
52118,0.26
53791,0.11
53379,0.24
53683,0.15
52434,0.9
52060,0.23
50918,0.04
51585,0.31
54288,0.05
52335,0.24
50435,0.72
51662,0.15
53599,0.45
52673,0.03
53445,0.07
52495,0.07
52533,0.05
50096,0.22
52290,0.19
52164,0.33
53142,0.32
50160,0.26
51617,0.96
52537,0.05
52381,0.42
53062,0.14
50022,0.32
51462,0.18
54060,0.59
54253,0.28
52145,0.35
52520,0.56
50248,0.46
52620,0.32
52547,0.2
52236,0.18
53809,0.56
53322,0.67
52121,0.28
50132,0.17
51991,0.27
53193,0.1
51150,0.12
50271,0.21
51194,0.16
51823,0.35
50249,0.04
52146,0.82
51996,0.13
52727,0.49
52144,0.33
51537,0.41
51129,0.62
54289,0.25
50710,0.56
52970,0.51
53748,0.34
50834,0.1
52342,0.38
51638,0.21
53190,0.49
53209,0.77
53931,0.24
50608,0.2
53143,0.06
54163,0.11
50379,0.08
51433,0.09
52505,0.29
50504,0.06
52530,0.36
51310,0.35
51026,0.17
53673,0.18
50941,0.21
52155,0.76
52035,0.38
50293,0.95
51022,0.1
53496,0.26
50265,0.25
51816,0.15
50953,0.22
53852,0.09
52385,0.14
52991,0.27
54025,0.48
51790,0.28
50678,0.12
53614,0.32
53471,0.01
50274,0.4
52466,0.19
52104,0.12
51470,0.05
54152,0.16
50886,0.11
50232,0.12
50613,0.26
51256,0.3
52597,0.86
50873,0.67
53816,0.81
53148,0.14
53194,0.08
54014,0.8
51845,0.04
51867,0.1
52976,0.28
50880,0.02
52084,0.35
53252,0.21
51609,0.1
50647,0.83
54264,0.6
51822,0.25
53240,0.14
53312,0.03
52636,0.48
50036,0.02
52323,0.8
51762,0.11
52827,0.34
52920,0.31
52578,0.19
50201,0.15
53292,0.22
50030,0.1
51590,0.77
51560,0.14
50822,0.18
50937,0.92
50903,0.32
51459,0.83
51475,0.4
52087,0.54
51612,0.07
53371,0.29
51564,0.12
53965,0.06
52187,0.67
51599,0.83
52736,0.09
51839,0.62
53330,0.44
51388,0.2
53041,0.52
51240,0.26
52023,0.52
51850,0.45
52198,0.66
53715,0.17
53376,0.68
51324,0.64
53050,0.42
52948,0.12
53011,0.16
53027,0.1
52798,0.04
52600,0.75
50627,0.66
50530,0.21
53869,0.35
52985,0.32
50373,0.22
50844,0.68
52030,0.71
54203,0.03
50226,0.08
50193,0.69
53302,0.49
51011,0.14
53497,0.17
51834,0.03
51517,0.86
51248,0.31
53980,0.94
54175,0.42
51690,0.34
53364,0.19
51028,0.46
51237,0.1
52567,0.19
52817,0.07
54021,0.07
53083,0.04
51549,0.23
50914,0.31
52758,0.63
50184,0.49
50727,0.82
53217,0.9
51108,0.13
51001,0.03
53238,0.2
53685,0.16
50229,0.14
50166,0.37
50689,0.2
51271,0.17
51976,0.11
51780,0.94
53961,0.18
51110,0.26
51782,0.22
52403,0.24
51838,0.22
53110,0.02
52835,0.14
52963,0.14
51383,0.04
52433,0.12
53275,0.29
51545,0.09
52517,0.4
54224,0.11
51361,0.17
51562,0.06
51581,0.17
50188,0.15
50403,0.57
53800,0.14
52725,0.84
51160,0.11
51503,0.3
52562,0.61
51746,0.6
52497,0.52
50152,0.85
50815,0.2
52171,0.43
52081,0.11
50892,0.17
53757,0.56
51093,0.2
52384,0.48
52809,0.03
53055,0.58
50734,0.07
52657,0.22
52737,0.42
50926,0.17
51948,0.68
50842,0.14
50366,0.15
51532,0.04
52717,0.13
52269,0.63
50070,0.19
53616,0.21
53094,0.23
52025,0.52
51032,0.35
54161,0.6
53046,0.88
51882,0.07
50819,0.18
52321,0.52
50208,0.41
52484,0.49
50396,0.26
51902,0.05
50720,0.46
51512,0.58
51711,0.14
54112,0.03
52611,0.15
51374,0.06
51090,0.85
53012,0.09
50706,0.12
53423,0.28
54011,0.34
53874,0.06
53218,0.07
51534,0.76
51610,0.76
52819,0.22
52915,0.06
52442,0.01
50058,0.18
50287,0.35
50825,0.31
50221,0.05
52008,0.31
53650,0.07
52489,0.33
53372,0.88
52143,0.29
51715,0.07
52750,0.12
51885,0.07
53024,0.22
53189,0.61
53960,0.16
54213,0.24
52041,0.33
50355,0.61
54284,0.13
51228,0.38
51656,0.07
53968,0.21
53632,0.2
52703,0.55
51622,0.07
52677,0.22
51739,0.37
51134,0.31
52448,0.47
52273,0.42
52990,0.22
52502,0.26
50612,0.07
51587,0.37
53035,0.1
53073,0.33
51557,0.14
54065,0.93
53840,0.18
50490,0.08
51382,0.33
50667,0.23
52551,0.23
50066,0.43
51509,0.59
53459,0.09
50391,0.57
53469,0.19
51727,0.69
51363,0.25
53434,0.51
51852,0.22
50295,0.09
51535,0.19
53583,0.11
52958,0.11
51639,0.05
51500,0.49
53122,0.84
54083,0.08
50168,0.22
50616,0.17
53623,0.89
54165,0.39
50304,0.7
53768,0.51
53765,0.25
51944,0.18
50029,0.05
53483,0.5
53113,0.5
53004,0.27
51688,0.19
52831,0.07
54037,0.15
53426,0.05
50542,0.31
50203,0.0
53338,0.35
50671,0.28
52926,0.0
53025,0.93
52777,0.3
51757,0.21
52734,0.15
51689,0.07
51238,0.42
52585,0.19
50725,0.4
51333,0.19
50731,0.58
53589,0.14
50082,0.29
53475,0.13
51495,0.38
50472,0.82
53821,0.22
54207,0.17
53448,0.04
53756,0.09
52249,0.02
50364,0.9
53737,0.12
52255,0.03
52279,0.31
52759,0.15
53165,0.78
52548,0.39
50967,0.25
53114,0.26
53553,0.36
51423,0.7
54114,0.5
53924,0.85
51734,0.1
52549,0.24
53213,0.37
51536,0.02
51561,0.13
52972,0.92
54275,0.57
50500,0.11
53565,0.12
52741,0.01
53613,0.04
53701,0.07
53984,0.19
52372,0.37
50871,0.19
52676,0.65
53136,0.1
53790,0.18
50013,0.34
53979,0.33
52014,0.75
52733,0.34
53873,0.22
51521,0.91
51721,0.61
50025,0.26
52327,0.03
51342,0.16
52861,0.17
50936,0.16
53606,0.5
50928,0.22
53123,0.19
50998,0.95
51683,0.54
50190,0.1
50451,0.07
53832,0.41
53936,0.24
51558,0.16
52108,0.67
54251,0.08
50076,0.02
54280,0.15
51669,0.16
51030,0.06
50797,0.43
51724,0.52
54067,0.52
51586,0.39
52242,0.07
52175,0.13
51665,0.15
52253,0.34
52454,0.52
50897,0.63
51132,0.11
50774,0.22
51436,0.33
53360,0.45
50296,0.26
52032,0.59
53554,0.92
53859,0.26
50041,0.34
53986,0.2
54230,0.44
50631,0.18
50340,0.12
50146,0.1
52458,0.35
52316,0.48
52824,0.08
52148,0.36
53140,0.11
54031,0.06
54066,0.27
50206,0.05
51229,0.12
50899,0.35
51370,0.31
51152,0.12
51395,0.21
51487,0.61
53387,0.9
50911,0.4
53884,0.18
51131,0.92
54081,0.07
53133,0.01
52260,0.0
51611,0.05
52608,0.46
51827,0.34
50378,0.04
50272,0.73
51667,0.13
51319,0.45
52325,0.16
53242,0.28
54262,0.15
52702,0.15
54265,0.29
51096,0.05
50785,0.07
52663,0.76
52240,0.01
53424,0.39
51820,0.16
51309,0.26
53227,0.4
53039,0.91
50539,0.62
52199,0.29
52763,0.37
50494,0.2
51828,0.53
54080,0.5
53388,0.2
50433,0.21
51941,0.07
50294,0.11
50398,0.21
51934,0.17
52165,0.1
52127,0.28
53316,0.74
50157,0.03
50645,0.11
51210,0.52
54135,0.11
51731,0.4
54241,0.39
50924,0.18
52170,0.12
52053,0.03
51920,0.3
52726,0.28
50877,0.18
50741,0.05
51006,0.13
53974,0.8
50397,0.17
51068,0.19
52330,0.21
53665,0.33
50363,0.27
53298,0.13
51354,0.1
54028,0.93
53801,0.03
51320,0.23
54015,0.04
51578,0.13
50965,0.12
53713,0.61
51078,0.8
50254,0.26
53686,0.63
50550,0.07
50532,0.0
50333,0.04
52271,0.2
53044,0.75
51352,0.26
51264,0.38
53327,0.32
50922,0.1
53760,0.9
50402,0.31
51805,0.09
54016,0.08
53943,0.97
54221,0.25
53455,0.15
50407,0.76
51296,0.64
53841,0.17
51259,0.1
51102,0.42
51907,0.83
51016,0.14
51733,0.98
50615,0.17
52813,0.58
53134,0.24
51117,0.36
50535,0.01
52956,0.88
50859,0.44
51344,0.08
53876,0.19
54095,0.21
52786,0.25
53610,0.83
51592,0.59
54076,0.2
51171,0.17
51368,0.22
53595,0.43
51163,0.05
51066,0.21
50141,0.01
50596,0.12
52388,0.24
52479,0.81
52313,0.21
51497,0.19
53594,0.39
50531,0.89
50401,0.47
51308,0.29
52691,0.01
51847,0.09
50636,0.13
51858,0.08
53071,0.17
51410,0.19
51400,0.24
52083,0.17
54097,0.05
50124,0.53
51362,0.04
53526,0.41
51313,0.03
52503,0.93
51241,0.85
53370,0.17
50006,0.12
53993,0.88
50056,0.25
52061,0.19
52558,0.2
51635,0.24
52658,0.22
53794,0.26
52665,0.88
50589,0.0
52812,0.09
50966,0.06
51185,0.19
51127,0.13
53504,0.06
51284,0.72
53049,0.08
50358,0.38
52594,0.7
54266,0.08
50672,0.09
50679,0.95
54219,0.46
52319,0.09
52184,0.27
50292,0.04
50085,0.23
53310,0.1
50958,0.12
50943,0.27
50130,0.13
50290,0.88
50155,0.07
51523,0.12
53557,0.06
50217,0.23
53187,0.27
52751,0.7
53767,0.74
50405,0.37
50260,0.19
54263,0.5
53443,0.42
53437,0.11
52223,0.26
51154,0.44
51118,0.35
50512,0.1
53202,0.24
50577,0.05
50476,0.07
51538,0.24
51710,0.12
50499,0.78
51174,0.58
50498,0.04
51275,0.06
50086,0.32
53353,0.06
51283,0.74
53560,0.49
51221,0.74
52396,0.34
52392,0.22
51454,0.12
51743,0.1
51785,0.45
51175,0.13
50179,0.7
53451,0.44
50466,0.09
53239,0.65
53063,0.25
51546,0.13
52953,0.88
51218,0.71
51502,0.83
51408,0.17
50262,0.28
50526,0.75
50847,0.37
51015,0.65
50316,0.35
54198,0.8
51035,0.4
50566,0.11
51891,0.69
50604,0.28
50620,0.21
50291,0.08
51797,0.65
52057,0.33
53651,0.17
50795,0.14
52096,0.14
54070,0.09
53309,0.53
50411,0.12
50288,0.67
53562,0.22
54069,0.76
52426,0.28
52229,0.05
50800,0.09
52518,0.11
53416,0.27
52656,0.06
54167,0.51
52605,0.23
51345,0.03
51712,0.16
50502,0.29
52525,0.65
51231,0.21
51451,0.2
51910,0.87
54049,0.16
52408,0.23
50621,0.03
50034,0.21
52353,0.1
53129,0.82
53101,0.5
52529,0.11
51373,0.01
53344,0.8
51086,0.13
52456,0.06
54096,0.28
51701,0.16
53103,0.44
50578,0.95
53867,0.87
52181,0.15
52268,0.7
51080,0.02
52989,0.24
50207,0.8
50696,0.19
51526,0.23
51420,0.27
53079,0.34
50814,0.1
52136,0.11
50450,0.01
51501,0.21
50473,0.58
51840,0.28
50702,0.88
53909,0.31
51864,0.25
52349,0.05
52100,0.02
53929,0.13
50505,0.09
51060,0.32
51673,0.82
50794,0.15
52560,0.79
52767,0.19
53814,0.17
52799,0.07
51775,0.08
51279,0.38
53091,0.45
54223,0.19
51954,0.7
50382,0.75
54174,0.29
52655,0.78
54055,0.07
50947,0.33
54074,0.29
50874,0.22
53675,0.77
51982,0.25
50619,0.83
53070,0.83
53973,0.59
50784,0.03
51929,0.2
52021,0.72
52226,0.39
52015,0.11
52877,0.34
53950,0.17
51791,0.39
53203,0.11
52308,0.82
53777,0.06
53481,0.56
50313,0.24
51422,0.02
53919,0.59
53705,0.72
52348,0.32
50345,0.14
54042,0.72
50792,0.21
53829,0.02
53617,0.11
51921,0.16
51203,0.73
50571,0.15
54181,0.62
53417,0.81
51074,0.2
50654,0.14
51434,0.74
52645,0.16
50169,0.57
50869,0.26
51141,0.03
50352,0.78
52445,0.67
53191,0.1
53486,0.45
50156,0.39
51559,0.44
50599,0.78
53099,0.87
53815,0.49
51684,0.06
51977,0.09
53065,0.36
51589,0.16
50569,0.03
52959,0.44
50020,0.14
50876,0.25
52192,0.32
53972,0.09
53396,0.38
53056,0.57
52720,0.62
52806,0.01
54024,0.21
53528,0.1
51880,0.5
51142,0.08
52550,0.08
53913,0.18
53808,0.96
53847,0.1
51280,0.02
53707,0.12
51965,0.43
51748,0.18
52866,0.04
50811,0.08
51819,0.1
52337,0.41
53149,0.25
50430,0.18
53654,0.14
50848,0.46
51145,0.45
52821,0.09
52044,0.17
52169,0.05
53633,0.19
52811,0.03
54029,0.03
53793,0.16
52882,0.14
52898,0.57
52098,0.57
50158,0.25
50561,0.58
50890,0.09
50932,0.12
54033,0.05
51070,0.14
53105,0.14
50724,0.23
50573,0.76
51316,0.06
52359,0.02
52344,0.06
53303,0.51
52399,0.07
54089,0.29
54270,0.65
50348,0.88
53374,0.23
51414,0.24
50067,0.11
54164,0.04
52716,0.12
52161,0.28
53263,0.04
50031,0.03
51050,0.18
52879,0.22
53090,0.1
53261,0.9
50567,0.33
54075,0.12
52052,0.41
50908,0.81
53051,0.07
50609,0.88
51257,0.12
53164,0.95
51924,0.27
53592,0.12
50536,0.39
52618,0.14
52404,0.41
54177,0.21
50780,0.18
53622,0.1
54222,0.33
51642,0.14
51407,0.11
50107,0.28
52846,0.22
50116,0.1
51937,0.3
52101,0.14
51756,0.14
54115,0.13
50547,0.08
51276,0.28
53671,0.41
53499,0.04
53089,0.27
50595,0.63
50758,0.05
51674,0.55
52504,0.15
53642,0.39
53513,0.13
52071,0.45
51718,0.19
52818,0.27
52836,0.93
52689,0.18
53522,0.04
53586,0.46
54046,0.17
50106,0.2
52022,0.26
53921,0.42
53295,0.94
51064,0.15
52721,0.29
51708,0.77
50339,0.91
52046,0.2
50999,0.79
53026,0.48
53244,0.02
53457,0.85
54236,0.25
52427,0.34
51927,0.96
51979,0.1
54258,0.16
51165,0.88
52800,0.94
52609,0.53
52925,0.38
53908,0.35
51092,0.46
51678,0.04
51217,0.06
54169,0.07
51922,0.31
50854,0.15
50236,0.1
50368,0.06
52843,0.11
50633,0.46
53531,0.46
50104,0.26
50970,0.89
50756,0.7
51476,0.28
53561,0.55
54019,0.2
50906,0.48
51760,0.58
50907,0.21
50057,0.03
53763,0.6
50488,0.79
52303,0.18
51147,0.2
50882,0.1
52757,0.21
54257,0.11
50701,0.52
52173,0.55
51492,0.41
53992,0.01
51911,0.44
53020,0.2
51608,0.55
50194,0.26
50893,0.21
53343,0.02
52211,0.13
53399,0.14
50225,0.45
52905,0.31
50802,0.06
51651,0.16
51810,0.03
50061,0.09
53893,0.73
51447,0.06
52430,0.64
54102,0.04
51193,0.19
54090,0.97
53331,0.43
54027,0.07
51335,0.37
50492,0.11
53507,0.18
52066,0.08
51449,0.2
51126,0.35
50712,0.17
53585,0.19
51951,0.76
53824,0.07
51702,0.76
53249,0.23
51607,0.29
51348,0.12
52568,0.18
51367,0.91
50709,0.12
52874,0.37
53313,0.58
51041,0.13
51322,0.38
52575,0.44
50480,0.1
53846,0.06
52114,0.12
52074,0.02
53422,0.03
53119,0.26
51489,0.59
52744,0.3
50456,0.08
53742,0.75
51018,0.53
50861,0.75
52067,0.2
52254,0.24
50759,0.09
51236,0.25
53010,0.13
52119,0.17
52310,0.67
50798,0.36
53121,0.47
50685,0.02
52416,0.74
51339,0.17
51488,0.52
52522,0.07
52080,0.27
52357,0.14
51914,0.21
53279,0.14
52610,0.12
50145,0.14
53419,0.24
53137,0.25
52718,0.1
51416,0.35
52275,0.02
50120,0.29
51713,0.09
52876,0.04
53789,0.13
53872,0.15
50538,0.32
50516,0.73
51033,0.14
52904,0.4
50942,0.04
54267,0.43
52507,0.05
52250,0.29
52723,0.36
51312,0.36
53719,0.02
50095,0.17
51680,0.11
51405,0.3
50867,0.87
52944,0.54
52358,0.58
52943,0.08
53785,0.16
52828,0.17
51009,0.39
53215,0.51
51063,0.74
50730,0.38
53866,0.22
50289,0.57
51146,0.31
50528,0.04
52291,0.52
50593,0.43
53305,0.03
50410,0.8
51468,0.27
53996,0.02
53383,0.08
53902,0.17
53008,0.27
50971,0.02
52410,0.08
50625,0.61
50446,0.96
50307,0.1
50351,0.37
50704,0.18
51912,0.85
52607,0.47
51411,0.09
51465,0.29
53728,0.09
50585,0.75
52711,0.38
50752,0.05
51338,0.19
50711,0.36
50831,0.06
52680,0.31
50148,0.34
53898,0.08
53762,0.25
51654,0.01
51628,0.04
53028,0.51
53346,0.64
50360,0.05
52429,0.81
52498,0.12
52487,0.66
50143,0.2
50546,0.42
52971,0.22
51170,0.12
53730,0.27
52239,0.21
52225,0.41
50591,0.19
52869,0.03
50154,0.14
52746,0.08
51306,0.86
50371,0.1
53534,0.09
52966,0.15
51023,0.48
54227,0.4
51883,0.2
52176,0.11
50739,0.17
52830,0.59
51960,0.05
52764,0.67
52147,0.38
52402,0.27
51355,0.04
51704,0.69
53159,0.06
52134,0.04
51417,0.26
52519,0.92
53326,0.63
53751,0.05
52111,0.33
52967,0.18
52710,0.43
52776,0.17
52892,0.08
51128,0.24
51435,0.4
52779,0.6
53510,0.22
51593,0.09
51947,0.11
53131,0.45
52467,0.36
54204,0.59
51469,0.03
53170,0.29
53538,0.41
50563,0.42
50109,0.22
53604,0.08
53605,0.12
51567,0.83
52749,0.21
52509,0.24
52036,0.27
51580,0.04
51940,0.31
50202,0.19
54087,0.22
50424,0.12
53755,0.06
50192,0.69
51197,0.18
54166,0.43
50519,0.1
54068,0.15
53733,0.1
51846,0.13
53265,0.3
52432,0.08
50558,0.1
50708,0.13
53860,0.66
50037,0.22
50425,0.19
52483,0.09
52213,0.82
51196,0.2
52643,0.13
52289,0.26
50108,0.05
50497,0.12
53837,0.75
53247,0.29
52210,0.45
53962,0.48
51812,0.68
51603,0.04
52775,0.19
51049,0.42
51981,0.14
52740,0.51
54252,0.1
51604,0.1
50245,0.11
50733,0.13
50763,0.76
50280,0.05
54131,0.26
50253,0.86
50549,0.11
53082,0.02
53969,0.34
51461,0.25
53983,0.87
51758,0.22
53720,0.45
51641,0.94
53769,0.31
50393,0.33
53862,0.28
50386,0.56
50771,0.17
50828,0.16
50181,0.03
53074,0.23
54250,0.26
53845,0.69
53684,0.72
51439,0.13
50419,0.01
53603,0.76
51770,0.27
52632,0.33
51002,0.2
53183,0.53
51916,0.04
51318,0.19
51547,0.14
50572,0.11
53248,0.85
51786,0.12
50740,0.67
50277,0.17
53097,0.97
52598,0.26
51686,0.21
51531,0.2
54002,0.05
52339,0.57
53503,0.2
54154,0.36
51888,0.13
50377,0.86
51183,0.36
54000,0.26
50666,0.9
51576,0.24
52629,0.22
51884,0.64
51621,0.09
50658,0.13
51890,0.42
50079,0.21
53407,0.0
53257,0.1
53888,0.15
53421,0.16
52346,0.34
50915,0.84
51967,0.11
53803,0.14
51398,0.9
52270,0.3
51901,0.12
53959,0.29
52940,0.53
53813,0.26
51168,0.72
52543,0.48
51179,0.61
51993,0.77
51745,0.3
54063,0.84
54277,0.68
52705,0.18
51552,0.47
53266,0.32
52343,0.22
50322,0.42
50783,0.41
51953,0.14
50743,0.35
50327,0.03
50766,0.85
53963,0.06
50045,0.18
53570,0.31
53987,0.34
52292,0.01
54047,0.78
53999,0.42
50788,0.03
52203,0.26
53146,0.7
51429,0.53
51990,0.26
52911,0.62
51243,0.12
54226,0.34
50121,0.45
52932,0.16
52659,0.31
54278,0.22
50723,0.04
51898,0.01
52921,0.35
51288,0.57
51251,0.85
52875,0.42
51871,0.07
52870,0.01
50851,0.04
51640,0.16
53877,0.37
52946,0.15
53556,0.06
51321,0.17
53410,0.68
52692,0.2
50772,0.46
50626,0.47
51896,0.34
50699,0.27
53201,0.14
51430,0.41
51514,0.06
54010,0.18
50016,0.34
51155,0.25
50894,0.06
53172,0.08
50147,0.13
53895,0.86
53887,0.8
50422,0.4
53267,0.19
54099,0.94
53397,0.8
51925,0.37
51133,0.22
50315,0.03
54134,0.84
50437,0.25
53162,0.07
52413,0.09
52424,0.09
52332,0.23
50142,0.15
50663,0.04
52969,0.07
52420,0.54
50110,0.21
52981,0.24
53990,0.77
50705,0.64
51583,0.51
52107,0.42
54212,0.31
50714,0.24
52912,0.05
51230,0.24
52616,0.03
54051,0.25
50426,0.17
53575,0.29
54123,0.2
52935,0.05
51473,0.17
53998,0.53
51399,0.1
51079,0.1
52172,0.1
53160,0.32
50224,0.8
52088,0.5
52851,0.05
51499,0.66
52129,0.71
52960,0.21
51970,0.04
53368,0.64
52043,0.45
50212,0.69
50071,0.23
51177,0.05
51044,0.52
50850,0.15
51707,0.21
54172,0.07
50744,0.24
53442,0.23
52457,0.11
53145,0.85
52531,0.7
53157,0.04
53463,0.03
53823,0.27
53729,0.03
52888,0.74
52218,0.24
53564,0.1
52231,0.52
53542,0.13
50126,0.85
51326,0.06
52841,0.06
50312,0.19
53647,0.51
53128,0.86
50102,0.23
54107,0.15
53418,0.15
50790,0.05
52713,0.05
54030,0.14
53629,0.33
50429,0.45
51661,0.6
51455,0.05
51404,0.85
52124,0.28
52257,0.17
51556,0.29
52283,0.3
53580,0.45
53359,0.06
52493,0.4
52730,0.63
51178,0.35
53047,0.07
52224,0.35
51620,0.35
51693,0.49
52007,0.18
52259,0.03
50614,0.14
53527,0.26
52722,0.07
53994,0.0
52499,0.19
53308,0.12
53774,0.21
53241,0.14
52889,0.44
52829,0.75
52577,0.77
52580,0.08
54003,0.67
54035,0.36
52485,0.31
50562,0.25
52706,0.02
50954,0.31
52451,0.3
50103,0.83
51052,0.63
52444,0.2
52803,0.22
51645,0.16
50888,0.21
53059,0.11
52639,0.17
53611,0.17
50775,0.03
50817,0.36
53781,0.42
50629,0.15
50634,0.18
50049,0.17
53997,0.33
51906,0.93
52862,0.12
50469,0.26
50891,0.03
54268,0.45
52807,0.37
50652,0.01
51202,0.72
52018,0.3
53818,0.24
53907,0.15
52596,0.07
50072,0.46
50590,0.1
50187,0.05
52153,0.21
50742,0.08
51913,0.02
52855,0.19
54146,0.14
50793,0.33
54254,0.83
50910,0.46
50054,0.37
52595,0.19
50467,0.35
54215,0.77
53289,0.24
54168,0.05
53690,0.6
52955,0.08
51299,0.59
52409,0.59
53268,0.33
50765,0.08
50040,0.06
51059,0.11
51105,0.07
52881,0.1
51874,0.08
50602,0.09
50789,0.11
51292,0.09
53942,0.09
53896,0.09
52986,0.05
50328,0.17
53941,0.15
52047,0.14
53068,0.85
50487,0.16
50900,0.23
50101,0.36
52028,0.0
52994,0.19
53030,0.19
51729,0.25
52501,0.4
52062,0.16
53042,0.32
51057,0.37
53590,0.14
51554,0.53
52728,0.03
50718,0.19
52571,0.26
53856,0.56
51403,0.26
51570,0.15
53425,0.05
52306,0.85
53120,0.14
51143,0.17
52191,0.53
52957,0.87
52810,0.48
50318,0.1
52561,0.51
50302,0.1
52000,0.07
50075,0.16
53697,0.1
52103,0.2
53197,0.01
50968,0.03
54120,0.5
53484,0.33
50875,0.17
53602,0.34
52311,0.79
53559,0.26
50824,0.56
53682,0.12
52847,0.28
53414,0.12
50023,0.25
50656,0.43
52675,0.26
52919,0.25
50374,0.15
52281,0.09
52322,0.22
51327,0.12
52024,0.2
53272,0.73
53529,0.08
53661,0.0
53631,0.08
54098,0.25
50858,0.25
53917,0.12
51111,0.22
53955,0.22
53124,0.47
52405,0.03
50745,0.18
52354,0.51
50483,0.16
54092,0.32
53530,0.09
53548,0.05
52747,0.29
52895,0.27
52159,0.11
53925,0.12
50198,0.05
54103,0.47
50559,0.34
53940,0.01
53291,0.28
51073,0.22
51061,0.41
53546,0.18
51783,0.23
52438,0.08
54122,0.29
53692,0.23
53640,0.11
52857,0.07
52693,0.03
53347,0.42
53827,0.68
54062,0.11
51624,0.47
50337,0.6
52816,0.43
51415,0.2
50904,0.24
53002,0.91
53231,0.27
51432,0.65
52055,0.34
50084,0.25
51365,0.18
50131,0.87
51331,0.24
52951,0.11
51792,0.26
51873,0.19
52142,0.13
52389,0.34
52936,0.36
51014,0.47
52987,0.31
50816,0.14
51983,0.27
52977,0.1
51644,0.13
51877,0.11
51928,0.3
53582,0.29
50204,0.8
51438,0.11
50486,0.33
52126,0.12
50089,0.11
52045,0.32
50004,0.57
50062,0.62
50587,0.16
50813,0.29
50219,0.77
50149,0.11
51176,0.67
50837,0.32
52355,0.09
53636,0.14
51337,0.17
51227,0.42
52918,0.31
50301,0.5
51540,0.12
53367,0.1
51071,0.4
52555,0.05
51153,0.11
52845,0.04
52523,0.19
53833,0.24
50323,0.24
51453,0.18
53229,0.36
54218,0.2
51095,0.88
53003,0.04
50692,0.15
51424,0.04
53696,0.2
52049,0.01
53333,0.86
51837,0.12
53525,0.11
51738,0.3
53040,0.15
50303,0.34
50582,0.13
52745,0.27
51625,0.14
50639,0.66
54272,0.78
50134,0.2
53473,0.16
53493,0.25
52781,0.23
50951,0.13
50015,0.15
50916,0.15
52696,0.82
53706,0.22
50213,0.85
52952,0.25
51140,0.02
53233,0.78
52258,0.61
52034,0.36
50387,0.55
52865,0.27
51186,0.18
53970,0.47
52822,0.05
52864,0.17
51818,0.18
50421,0.28
50987,0.37
53865,0.21
51087,0.15
53411,0.2
51360,0.29
51467,0.15
53006,0.28
52715,0.3
50919,0.56
51058,0.31
53168,0.22
51741,0.22
54179,0.08
51356,0.29
52709,0.26
52156,0.53
53084,0.1
51931,0.23
52634,0.23
53644,0.04
52263,0.21
51814,0.36
51660,0.13
53857,0.08
51831,0.1
52085,0.75
51369,0.17
53875,0.34
51122,0.2
52027,0.92
51181,0.2
53406,0.06
51518,0.07
51098,0.41
51289,0.19
50878,0.16
53727,0.17
54121,0.26
52059,0.1
51379,0.11
51051,0.23
51448,0.01
53096,0.31
52378,0.49
53656,0.52
52962,0.17
50703,0.32
50305,0.37
53891,0.42
53519,0.75
51664,0.21
54274,0.19
50380,0.53
51192,0.63
53358,0.07
51918,0.18
50638,0.16
50809,0.11
52701,0.48
53102,0.12
51038,0.28
53260,0.23
52700,0.65
51703,0.07
50436,0.13
50233,0.7
52051,0.09
50884,0.14
50846,0.32
52464,0.62
50961,0.0
53080,0.57
52826,0.12
52697,0.21
51999,0.04
52455,0.62
52635,0.63
53468,0.07
53638,0.35
54072,0.8
53828,0.25
52844,0.7
53966,0.31
53064,0.45
51868,0.38
51216,0.13
52197,0.12
53797,0.2
54044,0.24
53369,0.79
53552,0.48
50299,0.23
53382,0.34
54185,0.08
50887,0.37
54094,0.03
52288,0.8
52247,0.24
53985,0.03
52093,0.33
52447,0.7
54200,0.38
52185,0.16
52593,0.18
53107,0.2
51189,0.27
51054,0.05
53717,0.83
52582,0.13
54018,0.49
50381,0.29
50205,0.04
54247,0.63
51832,0.17
54054,0.5
53314,0.07
52686,0.09
51908,0.33
52496,0.24
50510,0.45
52471,0.68
52054,0.11
51121,0.57
53482,0.13
52206,0.37
51588,0.04
53258,0.07
50032,0.15
54202,0.12
52204,0.21
52569,0.17
52006,0.13
51358,0.49
52538,0.2
51598,0.26
51004,0.18
51282,0.2
53243,0.28
53287,0.61
52641,0.27
51571,0.14
51260,0.17
54127,0.74
53550,0.39
51047,0.15
53899,0.23
52670,0.1
50994,0.46
50350,0.03
50406,0.04
50939,0.25
50545,0.05
50459,0.12
53549,0.72
53935,0.09
53858,0.2
52386,0.33
50681,0.19
50895,0.07
51917,0.07
50153,0.22
50122,0.18
51191,0.25
52168,0.06
54009,0.22
52894,0.64
51606,0.29
52648,0.54
52511,0.1
54036,0.11
53660,0.15
53648,0.17
51841,0.14
51166,0.76
51543,0.64
54153,0.51
51258,0.26
53464,0.22
50586,0.03
51904,0.83
51273,0.44
51769,0.53
50946,0.04
53937,0.28
51082,0.3
52893,0.37
51647,0.08
52570,0.13
53429,0.2
50197,0.08
53278,0.03
50150,0.72
52576,0.51
52738,0.28
50180,0.04
53363,0.55
51804,0.31
50992,0.4
53798,0.14
52880,0.06
51565,0.18
53246,0.69
53820,0.34
52698,0.09
50257,0.02
50392,0.46
51441,0.57
53093,0.01
53005,0.3
51272,0.11
53384,0.14
53843,0.58
54156,0.38
51505,0.25
50474,0.22
53300,0.39
50118,0.29
50178,0.83
53436,0.7
53409,0.48
50686,0.05
51633,0.13
52345,0.2
53991,0.59
51789,0.13
51698,0.21
50761,0.21
51966,0.87
54217,0.12
52157,0.59
51437,0.1
51663,0.1
50064,0.58
52590,0.04
53646,0.26
53377,0.27
50935,0.37
50649,0.24
53736,0.07
52760,0.19
54159,0.51
53092,0.4
51384,0.07
51242,0.04
51034,0.61
50732,0.32
52965,0.52
53173,0.72
50684,0.15
50139,0.12
50223,0.08
52123,0.09
51881,0.14
53624,0.27
53465,0.21
51484,0.36
52930,0.77
51824,0.1
50068,0.33
53788,0.35
53277,0.19
50643,0.14
53380,0.18
50588,0.14
53109,0.16
53579,0.59
53432,0.1
51550,0.07
51855,0.42
51597,0.47
53357,0.18
51717,0.27
52756,0.18
53667,0.27
53196,0.16
52671,0.14
52771,0.46
54133,0.72
53923,0.36
52975,0.34
53897,0.21
52443,0.82
50839,0.94
51613,0.32
51208,0.21
54144,0.26
53127,0.14
51314,0.93
52526,0.43
50010,0.1
50165,0.03
51972,0.07
50555,0.15
54228,0.17
50115,0.2
50682,0.15
50310,0.08
54229,0.05
50475,0.03
52468,0.08
51222,0.16
52602,0.31
50879,0.76
53385,0.16
50218,0.12
50211,0.21
52682,0.58
51666,0.23
52102,0.27
53126,0.79
51555,0.62
53905,0.03
50648,0.14
52886,0.11
52019,0.56
54119,0.01
51594,0.45
51012,0.13
53394,0.85
51353,0.22
51915,0.31
51516,0.32
52766,0.45
53637,0.31
51933,0.26
53830,0.04
53926,0.06
52195,0.15
53001,0.84
52302,0.18
51889,0.29
52154,0.07
50565,0.16
52440,0.03
53932,0.45
54261,0.85
50230,0.1
52194,0.06
50048,0.6
51019,0.01
52215,0.09
51528,0.18
50956,0.47
50052,0.14
50598,0.57
51755,0.49
50808,0.11
52095,0.16
53480,0.49
53628,0.05
53758,0.77
53373,0.08
50399,0.14
53735,0.95
52672,0.05
50651,0.15
53234,0.31
52906,0.21
50468,0.92
51730,0.17
51013,0.37
53669,0.22
54141,0.17
50347,0.16
51595,0.72
52328,0.21
50990,0.25
54004,0.32
51483,0.1
50715,0.72
50009,0.7
52788,0.25
51668,0.21
51798,0.23
52318,0.67
54093,0.2
53566,0.1
53747,0.19
50285,0.13
52589,0.36
51652,0.3
52789,0.18
50444,0.07
52391,0.12
51875,0.27
50830,0.09
52151,0.79
52431,0.72
50099,0.92
50781,0.67
50803,0.14
52903,0.7
53946,0.37
50495,0.19
52480,0.42
52190,0.31
50827,0.08
53740,0.54
53655,0.08
52214,0.82
52209,0.43
53714,0.8
54279,0.23
53208,0.26
53981,0.14
51952,0.36
53088,0.42
51137,0.16
50007,0.48
51219,0.13
53297,0.15
52221,0.27
52494,0.17
54211,0.21
54201,0.53
52914,0.22
52627,0.36
53545,0.08
50868,0.94
52252,0.14
50902,0.18
50580,0.71
54193,0.25
53184,0.45
54137,0.62
50485,0.01
53048,0.81
50644,0.33
54244,0.85
50945,0.48
52010,0.14
52907,0.27
53783,0.19
53977,0.16
51486,0.26
53850,0.68
50003,0.01
53449,0.52
51037,0.87
52406,0.23
52476,0.12
52324,0.02
50266,0.53
51490,0.33
50749,0.1
53301,0.43
50491,0.86
51893,0.15
51742,0.5
52078,0.02
50445,0.01
52808,0.0
52421,0.05
54189,0.44
53766,0.23
53949,0.86
53188,0.19
51246,0.11
51482,0.82
50617,0.67
54281,0.14
51224,0.07
53621,0.28
51677,0.19
54056,0.25
52390,0.05
52559,0.83
51655,0.13
51029,0.43
54148,0.64
50944,0.4
51525,0.52
52439,0.42
52276,0.36
52931,0.8
50517,0.95
50479,0.16
50799,0.4
52082,0.3
51268,0.38
50008,0.19
53861,0.01
53598,0.14
50231,0.17
53391,0.19
50440,0.19
50525,0.52
50624,0.08
51634,0.25
53144,0.12
51372,0.19
51722,0.67
50094,0.2
52591,0.7
54045,0.63
53018,0.03
50415,0.12
50209,0.09
51199,0.83
51504,0.45
50281,0.17
51942,0.97
51130,0.66
53851,0.05
52437,0.27
52996,0.69
52299,0.67
52937,0.4
51157,0.25
52938,0.16
53461,0.2
50059,0.52
50520,0.51
51351,0.03
54220,0.06
51036,0.03
52791,0.22
50668,0.1
50017,0.2
52924,0.11
52286,0.28
54151,0.04
53061,0.36
52769,0.3
50753,0.36
51262,0.05
52261,0.55
53288,0.5
50957,0.09
53130,0.64
51637,0.86
53894,0.25
53494,0.2
54101,0.21
52615,0.76
51445,0.7
52116,0.18
53625,0.22
52133,0.28
53318,0.18
50912,0.17
52514,0.09
52927,0.75
51963,0.59
52477,0.84
50417,0.1
50412,0.14
53718,0.03
50196,0.61
51249,0.36
51752,0.07
50284,0.6
54188,0.15
53920,0.12
51135,0.27
51568,0.08
51169,0.85
52714,0.12
52732,0.51
53889,0.04
52428,0.47
53571,0.29
53060,0.33
52896,0.58
54034,0.01
51803,0.25
52338,0.36
53460,0.12
50359,0.25
53478,0.87
52412,0.54
52572,0.18
50574,0.15
53754,0.27
53543,0.65
52031,0.13
50693,0.32
52752,0.66
53773,0.22
50112,0.07
53174,0.65
50414,0.52
52637,0.2
51214,0.65
50338,0.6
52534,0.06
53812,0.14
51076,0.28
53100,0.1
51089,0.03
52922,0.08
51269,0.82
51826,0.38
53842,0.17
53393,0.29
52891,0.08
53014,0.38
52642,0.35
50927,0.56
52356,0.56
51926,0.64
53458,0.09
51895,0.04
51378,0.8
52106,0.52
50159,0.24
54190,0.2
52234,0.22
50244,0.51
53439,0.07
51099,0.14
52205,0.18
52174,0.09
51768,0.49
53795,0.39
52370,0.24
54246,0.89
51083,0.26
52852,0.52
53284,0.19
52825,0.59
53175,0.16
54214,0.37
52230,0.06
52901,0.06
50845,0.5
54283,0.14
51544,0.55
53515,0.25
54038,0.19
51794,0.06
51252,0.76
51773,0.06
50273,0.12
52923,0.2
50182,0.61
54084,0.41
51075,0.13
53269,0.79
51817,0.2
54130,0.24
50462,0.68
53523,0.09
52137,0.05
53296,0.69
54184,0.27
53558,0.88
50050,0.16
53771,0.12
50853,0.45
52463,0.2
52724,0.28
53438,0.6
50534,0.71
51854,0.09
50234,0.74
51513,0.37
50680,0.86
54109,0.11
53939,0.08
50581,0.15
52449,0.48
50698,0.54
51761,0.19
50438,0.1
50527,0.5
50628,0.4
53440,0.52
51900,0.31
50717,0.13
51887,0.64
53223,0.06
51463,0.17
52180,0.07
50738,0.04
52077,0.17
52687,0.51
50238,0.72
51359,0.55
52371,0.07
51878,0.28
53817,0.34
50227,0.2
52256,0.11
51020,0.21
51582,0.41
53587,0.76
53952,0.09
51975,0.11
51771,0.98
53738,0.05
52398,0.15
53320,0.24
53627,0.68
50051,0.36
50507,0.36
53108,0.41
53681,0.16
53150,0.72
53085,0.04
51699,0.34
52623,0.26
51285,0.07
50478,0.46
53989,0.2
51801,0.08
52241,0.2
53456,0.13
52452,0.51
51614,0.15
53741,0.06
53704,0.18
51825,0.04
52942,0.15
51584,0.33
52539,0.34
53903,0.4
52754,0.77
53761,0.93
53711,0.23
51287,0.29
50000,0.59
53317,0.82
52009,0.22
51784,0.93
52297,0.09
53541,0.45
50889,0.2
53180,0.85
53498,0.17
52753,0.24
50979,0.25
52331,1.0
52361,0.29
52644,0.28
51763,0.3
54155,0.22
54061,0.49
54143,0.4
50367,0.76
52162,0.66
53034,0.33
53017,0.12
52982,0.08
54248,0.14
50978,0.13
53750,0.2
51265,0.82
52782,0.17
52859,0.14
51749,0.42
53532,0.24
50849,0.07
52065,0.21
51209,0.19
50114,0.29
52978,0.36
50818,0.03
50787,0.08
52603,0.27
53224,0.21
51056,0.09
54111,0.24
52546,0.39
52667,0.17
53577,0.2
54050,0.11
51427,0.09
53731,0.75
53918,0.14
53029,0.09
50241,0.03
50529,0.21
51180,0.5
51442,0.14
51772,0.03
54231,0.52
53618,0.13
50506,0.17
51579,0.52
53957,0.07
54160,0.55
52058,0.67
51751,0.19
52005,0.49
53709,0.09
53250,0.35
52300,0.5
51629,0.43
50805,0.28
54040,0.11
51124,0.75
53649,0.42
50314,0.24
51777,0.17
53944,0.17
52566,0.49
52513,0.12
50931,0.2
51685,0.23
54078,0.38
52890,0.08
53716,0.08
53518,0.12
50362,0.08
53732,0.21
50630,0.11
54186,0.43
51788,0.51
52369,0.68
52233,0.17
53204,0.21
52916,0.09
52804,0.18
53871,0.4
53958,0.26
50119,0.12
51959,0.05
51062,0.9
50840,0.21
50493,0.24
50443,0.02
51842,0.41
53156,0.41
50019,0.69
50418,0.56
53945,0.58
50991,0.63
50385,0.2
50929,0.4
50264,0.19
51452,0.12
52158,0.21
53210,0.23
50934,0.04
54290,0.13
50275,0.64
53400,0.32
51723,0.14
50133,0.37
51759,0.3
51307,0.44
50496,0.27
50335,0.03
53335,0.31
53214,0.04
50441,0.47
53161,0.07
53995,0.39
53095,0.2
53151,0.23
53776,0.3
51394,0.18
51350,0.33
52552,0.04
50408,0.18
51115,0.21
53153,0.46
51255,0.89
51866,0.21
50140,0.68
52685,0.41
53885,0.31
50688,0.82
53864,0.15
50583,0.19
50332,0.13
51293,0.79
54023,0.24
53775,0.6
51945,0.07
